Class,AUC
acne,0.8916201117318435
eksim,0.7791433891992551
herpes,0.8808193668528864
panu,0.936685288640596
rosacea,0.9482323232323233
