Class,Average_Precision
acne,0.5772939299061257
eksim,0.44818096232694604
herpes,0.8250735731358441
panu,0.7621495140773406
rosacea,0.8216859314879875
