{"accuracy": [0.2638753652572632, 0.28125, 0.4070107042789459, 0.375, 0.49269717931747437, 0.78125, 0.552093505859375, 0.4375, 0.5803310871124268, 0.59375, 0.594936728477478, 0.59375, 0.6348587870597839, 0.65625, 0.6455696225166321, 0.71875, 0.6621226668357849, 0.78125, 0.6679649353027344, 0.71875], "loss": [1.6679344177246094, 1.4146158695220947, 1.402532935142517, 1.5567259788513184, 1.2500056028366089, 0.8455199599266052, 1.1434612274169922, 1.1579108238220215, 1.070493221282959, 1.125398874282837, 1.006218433380127, 0.8884952068328857, 0.959509551525116, 0.814360499382019, 0.9138360023498535, 0.735353410243988, 0.8966194987297058, 0.7201555967330933, 0.8875975608825684, 0.7473287582397461], "val_accuracy": [0.40625, 0.4241071343421936, 0.4464285671710968, 0.4419642984867096, 0.5223214030265808, 0.53125, 0.5580357313156128, 0.5625, 0.5669642686843872, 0.5714285969734192, 0.5714285969734192, 0.5803571343421936, 0.6071428656578064, 0.6116071343421936, 0.5758928656578064, 0.5892857313156128, 0.59375, 0.59375, 0.6116071343421936, 0.6116071343421936], "val_loss": [1.3730199337005615, 1.3624792098999023, 1.2986818552017212, 1.295269250869751, 1.192060112953186, 1.1912907361984253, 1.1293939352035522, 1.1320617198944092, 1.0924625396728516, 1.0891857147216797, 1.0748884677886963, 1.0687628984451294, 1.015073299407959, 1.0194730758666992, 1.0251375436782837, 1.0144212245941162, 1.0087608098983765, 1.0050156116485596, 0.9881888031959534, 0.9876074194908142]}